"","condition","wash_mean","wash_se"
"1","Hit",0.704447840901554,0.0534470095946691
"2","Miss",0.811783564963534,0.114368680427889
