"","clamp","stl_mean","stl_se"
"1","-4",1.25942039990833,0.121418226841876
"2","4",-1.175953462975,0.113881949256665
