"","clamp","stl_mean","stl_se"
"1","-4",1.26291992433214,0.147411630359018
"2","4",-1.18308933771036,0.13220628151111
