"","condition","early_mean","early_se"
"1","Hit",1.39194411106015,0.108363191956189
"2","Miss",1.34409876032794,0.117592527427015
