"","success","stl_mean","stl_se"
"1","Hit",1.07350415577691,0.114551528283177
"2","Jump To",0.825325445727916,0.124700800193871
"3","Miss",1.3031713451076,0.11541318183963
