"","condition","asym_mean","asym_se"
"1","Hit",17.2401428035099,1.52248108937357
"2","Miss",18.8675527323169,1.90413205560468
